{"stat.useItem.6":3,"stat.useItem.17":38,"stat.useItem.323":2,"stat.fallOneCm":964,"achievement.openInventory":78,"stat.useItem.89":32,"stat.jump":562,"achievement.exploreAllBiomes":{"value":0,"progress":["Beach","ForestHills"]},"stat.useItem.1":1,"stat.mobKills":2,"stat.useItem.57":256,"stat.damageTaken":3080,"stat.useItem.3":235,"stat.deaths":1,"stat.useItem.50":3,"stat.damageDealt":390,"stat.useItem.101":57,"stat.killEntity.Spider":1,"stat.killEntity.Zombie":1,"stat.useItem.156":597,"stat.useItem.259":1,"stat.drop":16,"stat.useItem.152":2,"stat.flyOneCm":424081,"stat.useItem.155":90,"stat.leaveGame":19,"stat.useItem.154":2,"stat.useItem.98":86,"stat.useItem.330":4,"stat.walkOneCm":367364,"stat.swimOneCm":4839,"stat.diveOneCm":9103,"stat.useItem.46":6,"stat.useItem.351":731,"stat.useItem.44":116,"stat.useItem.42":3,"stat.useItem.160":28,"stat.playOneMinute":196492,"stat.useItem.22":237}