{"stat.useItem.18":53,"stat.useItem.6":5,"stat.useItem.17":6,"stat.useItem.38":21,"stat.useItem.323":4,"stat.fallOneCm":4543,"stat.useItem.87":45,"stat.useItem.147":2,"achievement.openInventory":100,"stat.useItem.89":26,"stat.jump":676,"achievement.exploreAllBiomes":{"value":0,"progress":["Ocean","Beach","Plains","River","ForestHills"]},"stat.mobKills":1,"stat.useItem.1":19,"stat.useItem.57":152,"stat.useItem.3":793,"stat.damageTaken":10908,"stat.useItem.5":27,"stat.deaths":4,"stat.useItem.109":15,"stat.damageDealt":160,"stat.useItem.101":150,"stat.killEntity.Wolf":1,"stat.useItem.70":2,"stat.useItem.259":160,"stat.drop":22,"stat.useItem.156":134,"stat.flyOneCm":397066,"stat.useItem.97":54,"stat.useItem.155":446,"stat.leaveGame":10,"stat.useItem.98":19,"stat.useItem.330":2,"stat.useItem.175":12,"stat.diveOneCm":14106,"stat.swimOneCm":3268,"stat.useItem.46":5,"stat.walkOneCm":467955,"stat.useItem.351":249,"stat.useItem.44":196,"stat.useItem.160":5,"stat.playOneMinute":164645,"stat.useItem.22":195,"achievement.mineWood":1}